url,status
https://www.glamira.com/promise-rings/,COMPLETE
https://www.glamira.com/diamond-rings/,COMPLETE
https://www.glamira.com/cufflinks/,COMPLETE
https://www.glamira.com/kids-bracelet/,COMPLETE
https://www.glamira.com/kids-necklace/,COMPLETE
https://www.glamira.com/kids-rings/,COMPLETE
https://www.glamira.com/kids-earrings/,COMPLETE
https://www.glamira.com/men/,COMPLETE
https://www.glamira.com/women/,COMPLETE
https://www.glamira.com/kids/,COMPLETE
https://www.glamira.com/diamond-necklaces/,COMPLETE
https://www.glamira.com/diamond-earrings/,COMPLETE
https://www.glamira.com/engagement-rings/,COMPLETE
https://www.glamira.com/diamond-men-ring/,COMPLETE
https://www.glamira.com/initial-name-jewelry/,COMPLETE
https://www.glamira.com/bracelets/,COMPLETE
https://www.glamira.com/bridal-set/,COMPLETE
https://www.glamira.com/wedding-set/,COMPLETE
https://www.glamira.com/brooch/,COMPLETE
https://www.glamira.com/colliers/,COMPLETE
https://www.glamira.com/wedding-rings/,COMPLETE
https://www.glamira.com/women-ring/,COMPLETE
https://www.glamira.com/men-ring/,COMPLETE
https://www.glamira.com/plain-design-rings/,COMPLETE
https://www.glamira.com/plain-design-necklaces/,COMPLETE
https://www.glamira.com/plain-design-earrings/,COMPLETE
https://www.glamira.com/rings-home/,COMPLETE
https://www.glamira.com/earrings-home/,COMPLETE
https://www.glamira.com/necklaces-home/,COMPLETE
https://www.glamira.com/plain-design-jewelry/,COMPLETE
https://www.glamira.com/nose-pins/,COMPLETE
https://www.glamira.com/men-s-earrings/,COMPLETE
https://www.glamira.com/plain-design-bracelets/,COMPLETE
https://www.glamira.com/knuckle-rings/,COMPLETE
https://www.glamira.com/anklets/,COMPLETE
https://www.glamira.com/initial-name-necklaces/,COMPLETE
https://www.glamira.com/initial-name-bracelets/,COMPLETE
https://www.glamira.com/collections/,COMPLETE
https://www.glamira.com/initial-name-rings/,COMPLETE
https://www.glamira.com/enamel/,COMPLETE
https://www.glamira.com/dual-use/,COMPLETE
https://www.glamira.com/pearl/,COMPLETE
https://www.glamira.com/pearl-rings/,COMPLETE
https://www.glamira.com/pearl-necklaces/,COMPLETE
https://www.glamira.com/pearl-earrings/,COMPLETE
https://www.glamira.com/chains/,COMPLETE
https://www.glamira.com/cabochon-rings/,COMPLETE
https://www.glamira.com/cabochon-necklaces/,COMPLETE
https://www.glamira.com/cabochon-earrings/,COMPLETE
https://www.glamira.com/cabochon-jewelry/,COMPLETE
https://www.glamira.com/cocktail-rings/,COMPLETE
https://www.glamira.com/coloured-diamond-engagement-rings/,COMPLETE
https://www.glamira.com/dreamy-hues/,COMPLETE
https://www.glamira.com/premium-rings/,COMPLETE
https://www.glamira.com/mens-bracelets/,COMPLETE
https://www.glamira.com/men-s-necklaces/,COMPLETE
https://www.glamira.com/initial-name-earrings/,COMPLETE
https://www.glamira.com/fusion/,COMPLETE
https://www.glamira.com/fusion-rings/,COMPLETE
https://www.glamira.com/fusion-necklaces/,COMPLETE
https://www.glamira.com/fusion-earrings/,COMPLETE
https://www.glamira.com/fusion-bracelets/,COMPLETE
https://www.glamira.com/black-touch-collection/,COMPLETE
https://www.glamira.com/cabochon-bracelets/,COMPLETE
https://www.glamira.com/organic-design-collection/,COMPLETE
https://www.glamira.com/glamira-x-influencers/,COMPLETE
https://www.glamira.com/iryna-fedchenko-collection/,COMPLETE
https://www.glamira.com/annabel-pesant-collection/,COMPLETE
https://www.glamira.com/rachele-moscatelli-collection/,COMPLETE
https://www.glamira.com/isabel-tonelli-collection/,COMPLETE
https://www.glamira.com/sonia-collection/,COMPLETE
https://www.glamira.com/cristina-surdu-collection/,COMPLETE
https://www.glamira.com/eliza-armand-collection/,COMPLETE
https://www.glamira.com/lee-ann-wiemers-collection/,COMPLETE
https://www.glamira.com/authenticchica-collection/,COMPLETE
https://www.glamira.com/desiree-santana-collection/,COMPLETE
https://www.glamira.com/julia-mateian-collection/,COMPLETE
https://www.glamira.com/mens-engagement-ring/,COMPLETE
https://www.glamira.com/antoine-constantin-collection/,COMPLETE
https://www.glamira.com/simone-cipolloni-collection/,COMPLETE
https://www.glamira.com/valentina-coco-collection/,COMPLETE
https://www.glamira.com/malika-mydailyfdose-collection/,COMPLETE
https://www.glamira.com/tropical-collection/,COMPLETE
https://www.glamira.com/love-universe-collection/,COMPLETE
https://www.glamira.com/the-north-star-love-universe/,COMPLETE
https://www.glamira.com/the-star-of-venus-love-universe/,COMPLETE
https://www.glamira.com/the-supernova-love-universe/,COMPLETE
https://www.glamira.com/ceramic-jewellery/,COMPLETE
https://www.glamira.com/ring-ceramic/,COMPLETE
https://www.glamira.com/necklaces-ceramic/,COMPLETE
https://www.glamira.com/earrings-ceramic/,COMPLETE
https://www.glamira.com/bracelets-ceramic/,COMPLETE
https://www.glamira.com/mens-ceramic-jewellery/,COMPLETE
https://www.glamira.com/neon-vibes-collection/,COMPLETE
https://www.glamira.com/loveluvverb-collection/,COMPLETE
https://www.glamira.com/pure-loveluvverb-collection/,COMPLETE
https://www.glamira.com/every-colour-loveluvverb-collection/,COMPLETE
https://www.glamira.com/fearless-loveluvverb-collection/,COMPLETE
https://www.glamira.com/sylvie-by-glamira/,COMPLETE
https://www.glamira.com/sylvie-by-glamira-rings/,COMPLETE
https://www.glamira.com/sylvie-by-glamira-necklaces/,COMPLETE
https://www.glamira.com/sylvie-by-glamira-earrings/,COMPLETE
https://www.glamira.com/sylvie-by-glamira-bracelets/,COMPLETE
https://www.glamira.com/amanda-cerny-finest-selection/,COMPLETE
https://www.glamira.com/amanda-cerny-collection-rings/,COMPLETE
https://www.glamira.com/amanda-cerny-collection-necklaces/,COMPLETE
https://www.glamira.com/amanda-cerny-collection-earrings/,COMPLETE
https://www.glamira.com/amanda-cerny-collection-bracelets/,COMPLETE
https://www.glamira.com/amanda-cerny-collection-men/,COMPLETE
https://www.glamira.com/colourful-rings/,COMPLETE
https://www.glamira.com/ear-piercings/,COMPLETE
https://www.glamira.com/genuine-collection/,COMPLETE
https://www.glamira.com/hope-genuine-collection/,COMPLETE
https://www.glamira.com/essence-genuine-collection/,COMPLETE
https://www.glamira.com/connection-genuine-collection/,COMPLETE
https://www.glamira.com/necklace-chain/,COMPLETE
https://www.glamira.com/bracelet-chain/,COMPLETE
https://www.glamira.com/promise-rings-women/,COMPLETE
https://www.glamira.com/promise-rings-men/,COMPLETE
https://www.glamira.com/promise-rings-couple/,COMPLETE
https://www.glamira.com/evil-eye-collection/,COMPLETE
https://www.glamira.com/rings-evil/,COMPLETE
https://www.glamira.com/necklace-evil/,COMPLETE
https://www.glamira.com/earrings-evil/,COMPLETE
https://www.glamira.com/bracelets-evil/,COMPLETE
https://www.glamira.com/accessories-evil/,COMPLETE
https://www.glamira.com/hand-of-hamsa-collection/,COMPLETE
https://www.glamira.com/hand-of-hamsa-collection-rings/,COMPLETE
https://www.glamira.com/hand-of-hamsa-collection-necklaces/,COMPLETE
https://www.glamira.com/hand-of-hamsa-collection-earrings/,COMPLETE
https://www.glamira.com/hand-of-hamsa-collection-bracelets/,COMPLETE
https://www.glamira.com/hand-of-hamsa-collection-accessories/,COMPLETE
https://www.glamira.com/jewelry/,COMPLETE
https://www.glamira.com/nose-piercings/,COMPLETE
https://www.glamira.com/nose-rings/,COMPLETE
https://www.glamira.com/body-jewellery/,COMPLETE
https://www.glamira.com/tragus-ear-piercings/,COMPLETE
https://www.glamira.com/ear-cuffs-ear-piercings/,COMPLETE
https://www.glamira.com/stronger-together1/,COMPLETE
https://www.glamira.com/tamara/,COMPLETE
https://www.glamira.com/tech-jewellery/,COMPLETE
https://www.glamira.com/rod-ear-cuffs-ear-piercings/,COMPLETE
https://www.glamira.com/cartilage-ear-piercings/,COMPLETE
https://www.glamira.com/apple-watch-cases/,COMPLETE
https://www.glamira.com/airpods-accessories/,COMPLETE
https://www.glamira.com/apple-watch-straps/,COMPLETE
https://www.glamira.com/apple-watch-cases-tech-jewellery/,COMPLETE
https://www.glamira.com/apple-watch-accessories/,COMPLETE
https://www.glamira.com/bangles-tech-jewellery/,COMPLETE
https://www.glamira.com/you/,COMPLETE
https://www.glamira.com/you-rings/,COMPLETE
https://www.glamira.com/you-necklaces/,COMPLETE
https://www.glamira.com/you-earrings/,COMPLETE
https://www.glamira.com/you-bracelets/,COMPLETE
https://www.glamira.com/links-collection/,COMPLETE
https://www.glamira.com/links-collection-rings/,COMPLETE
https://www.glamira.com/links-collection-necklaces/,COMPLETE
https://www.glamira.com/links-collection-earrings/,COMPLETE
https://www.glamira.com/links-collection-bracelets/,COMPLETE
https://www.glamira.com/apple-watch-cases-&-straps-tech-jewellery/,COMPLETE
https://www.glamira.com/turquoise-journey/,COMPLETE
https://www.glamira.com/rings-turquoise-journey/,COMPLETE
https://www.glamira.com/necklaces-turquoise-journey/,COMPLETE
https://www.glamira.com/earrings-turquoise-journey/,COMPLETE
https://www.glamira.com/bracelets-turquoise-journey/,COMPLETE
https://www.glamira.com/tamara-lp/,COMPLETE
https://www.glamira.com/youthful-shine/,COMPLETE
https://www.glamira.com/youthful-shine-kids/,COMPLETE
https://www.glamira.com/youthful-shine-teens/,COMPLETE
https://www.glamira.com/youthful-shine-mother-and-daughter/,COMPLETE
https://www.glamira.com/glamiras-bride/,COMPLETE
https://www.glamira.com/glamiras-bride-rings/,COMPLETE
https://www.glamira.com/glamiras-bride-sets/,COMPLETE
https://www.glamira.com/glamiras-bride-necklaces/,COMPLETE
https://www.glamira.com/glamiras-bride-earrings/,COMPLETE
https://www.glamira.com/glamiras-bride-bracelets/,COMPLETE
https://www.glamira.com/glamiras-bride-wedding-rings/,COMPLETE
https://www.glamira.com/mix-and-match/,COMPLETE
https://www.glamira.com/mix-and-match-rings/,COMPLETE
https://www.glamira.com/mix-and-match-necklaces/,COMPLETE
https://www.glamira.com/mix-and-match-earrings/,COMPLETE
https://www.glamira.com/mix-and-match-ear-piercings/,COMPLETE
https://www.glamira.com/mix-and-match-bracelets/,COMPLETE
https://www.glamira.com/mix-and-match-accessories/,COMPLETE
https://www.glamira.com/joy/,COMPLETE
https://www.glamira.com/joy-rings/,COMPLETE
https://www.glamira.com/joy-necklaces/,COMPLETE
https://www.glamira.com/joy-earrings/,COMPLETE
https://www.glamira.com/joy-bracelets/,COMPLETE
https://www.glamira.com/pearl-bracelets/,COMPLETE
https://www.glamira.com/minimalist/,COMPLETE
https://www.glamira.com/minimalist-rings/,COMPLETE
https://www.glamira.com/minimalist-necklaces/,COMPLETE
https://www.glamira.com/minimalist-earrings/,COMPLETE
https://www.glamira.com/minimalist-bracelets/,COMPLETE
https://www.glamira.com/neon-vibes-rings/,COMPLETE
https://www.glamira.com/neon-vibes-necklaces/,COMPLETE
https://www.glamira.com/neon-vibes-earrings/,COMPLETE
https://www.glamira.com/neon-vibes-bracelets/,COMPLETE
https://www.glamira.com/neon-vibes-brooches/,COMPLETE
https://www.glamira.com/nature-planet/,COMPLETE
https://www.glamira.com/nature-planet-rings/,COMPLETE
https://www.glamira.com/nature-planet-necklaces/,COMPLETE
https://www.glamira.com/nature-planet-earrings/,COMPLETE
https://www.glamira.com/nature-planet-bracelets/,COMPLETE
https://www.glamira.com/retrofuturist/,COMPLETE
https://www.glamira.com/retrofuturists-rings/,COMPLETE
https://www.glamira.com/retrofuturists-necklaces/,COMPLETE
https://www.glamira.com/retrofuturists-earrings/,COMPLETE
https://www.glamira.com/retrofuturists-bracelets/,COMPLETE
https://www.glamira.com/retrofuturists-anklets/,COMPLETE
https://www.glamira.com/everyday-basics/,COMPLETE
https://www.glamira.com/everyday-basics-rings/,COMPLETE
https://www.glamira.com/everyday-basics-necklaces/,COMPLETE
https://www.glamira.com/everyday-basics-earrings/,COMPLETE
https://www.glamira.com/everyday-basics-bracelets/,COMPLETE
